<?xml version="1.0" encoding="utf-8" ?>
<Defs>

  <PawnKindDef ParentName="TribalBase">
    <defName>R_SlateHeavyArcher</defName>
    <label>heavy archer</label>
    <combatPower>90</combatPower>
	<race>Alien_Rock_Slate</race>
    <maxGenerationAge>40</maxGenerationAge>
    <gearHealthRange>
      <min>0.5</min>
      <max>2.2</max>
    </gearHealthRange>
    <apparelMoney>
      <min>200</min>
      <max>550</max>
    </apparelMoney>
    <apparelTags>
      <li>Tribal</li>
    </apparelTags>
    <apparelRequired>
    </apparelRequired>
    <weaponMoney>
      <min>600</min>
      <max>750</max>
    </weaponMoney>
    <weaponTags>
      <li>NeolithicRangedHeavy</li>
	  <li>NeolithicRangedChief</li>
    </weaponTags>
  </PawnKindDef>

</Defs>