<?xml version="1.0" encoding="utf-8" ?>

<Defs>

	<AlienRace.ThingDef_AlienRace ParentName = "BasePawn">
		<defName>Alien_Rock_Marble</defName>
		<label>marble person</label>
		<description>A person made of living marble stone.</description>
		<soundImpactDefault>HitRock</soundImpactDefault>	
		<drawGUIOverlay>true</drawGUIOverlay>				
			<alienRace>
				<generalSettings>
					<maleGenderProbability>.5</maleGenderProbability>
					<immuneToAge>false</immuneToAge>
					<canLayDown>true</canLayDown>
					<forcedRaceTraitEntries>
						<li>
							<defName>Beauty</defName>
							<chance>30</chance>
							<degree>1</degree>
						</li>
						<li>
							<defName>Beauty</defName>
							<chance>30</chance>
							<degree>2</degree>
						</li>
						<li>
							<defName>Nudist</defName>
							<chance>30</chance>
						</li>
					</forcedRaceTraitEntries>
					<disallowedTraits>
					</disallowedTraits>
					<factionRelations>
						<li>
							<factions>
								<li>RockFaction</li>
								<li>RockPlayerFaction</li>
							</factions>
							<goodwill>
								<min>-50</min>
								<max>50</max>
							</goodwill>
						</li>               
					</factionRelations>
					<maxDamageForSocialfight>6</maxDamageForSocialfight>
					<allowHumanBios>true</allowHumanBios>
					<immuneToXenophobia>false</immuneToXenophobia>
					<alienPartGenerator>
						<aliencrowntypes>
							<li>Average_Normal</li>
							<li>Average_Pointy</li>
							<li>Average_Wide</li>
						</aliencrowntypes>
						<alienbodytypes>
							<li>Male</li>
							<li>Female</li>
						</alienbodytypes>
						<useGenderedHeads>true</useGenderedHeads>
						<useGenderedBodies>false</useGenderedBodies>
						<alienskincolorgen Class="ColorGenerator_Options">
							<options>
								<li>
									<weight>10</weight>
									<only>RGBA(0.788,0.788,0.788,1)</only>
								</li>
							</options>
						</alienskincolorgen>
						<alienhaircolorgen Class="ColorGenerator_Options">
							<options>
								<li>
									<weight>5</weight>
									<only>RGBA(0.788,0.788,0.788,1)</only>
								</li>
							</options>
						</alienhaircolorgen>
					</alienPartGenerator>
					<humanRecipeImport>true</humanRecipeImport>
				</generalSettings>
				<graphicPaths>
					<li>
						<body>Pawn/Humanlike/Rock person/Body/Marble/</body>
						<head>Pawn/Humanlike/Rock person/Head/Marble/</head>
					</li>
				</graphicPaths>
				<hairSettings>
					<hasHair>true</hasHair>
					<getsGreyAt>1500</getsGreyAt> 
					<hairTags>
						<li>RockHair</li>
					</hairTags>
				</hairSettings>
			</alienRace>
			<statBases>
				<MarketValue>2500</MarketValue>
				<MoveSpeed>4.3</MoveSpeed>
				<Flammability>.2</Flammability>
				<ComfyTemperatureMin>-70</ComfyTemperatureMin>
				<ComfyTemperatureMax>80</ComfyTemperatureMax>
				<LeatherAmount>0</LeatherAmount>
				<MeatAmount>0</MeatAmount>
				<PsychicSensitivity>.8</PsychicSensitivity>
				<PlantWorkSpeed>1</PlantWorkSpeed>
				<GlobalLearningFactor>1</GlobalLearningFactor>
				<WorkSpeedGlobal>1</WorkSpeedGlobal>
			</statBases>
    <tools>
      <li>
        <label>left fist</label>
        <capacities>
          <li>Blunt</li>
        </capacities>
        <power>5</power>
        <cooldownTime>2</cooldownTime>
        <linkedBodyPartsGroup>LeftHand</linkedBodyPartsGroup>
        <surpriseAttack>
          <extraMeleeDamages>
            <li>
              <def>Stun</def>
              <amount>14</amount>
            </li>
          </extraMeleeDamages>
        </surpriseAttack>
      </li>
      <li>
        <label>right fist</label>
        <capacities>
          <li>Blunt</li>
        </capacities>
        <power>5</power>
        <cooldownTime>2</cooldownTime>
        <linkedBodyPartsGroup>RightHand</linkedBodyPartsGroup>
        <surpriseAttack>
          <extraMeleeDamages>
            <li>
              <def>Stun</def>
              <amount>14</amount>
            </li>
          </extraMeleeDamages>
        </surpriseAttack>
      </li>
      <li>
        <label>teeth</label>
        <capacities>
          <li>Bite</li>
        </capacities>
        <power>5</power>
        <cooldownTime>2</cooldownTime>
        <linkedBodyPartsGroup>Teeth</linkedBodyPartsGroup>
        <chanceFactor>0.07</chanceFactor>
      </li>
      <li>
        <label>head</label>
        <capacities>
          <li>Blunt</li>
        </capacities>
        <power>3</power>
        <cooldownTime>2</cooldownTime>
        <linkedBodyPartsGroup>HeadAttackTool</linkedBodyPartsGroup>
        <ensureLinkedBodyPartsGroupAlwaysUsable>true</ensureLinkedBodyPartsGroupAlwaysUsable>
        <chanceFactor>0.2</chanceFactor>
      </li>
    </tools>
			<race>
				<thinkTreeMain>Humanlike</thinkTreeMain>
				<thinkTreeConstant>HumanlikeConstant</thinkTreeConstant>
				<intelligence>Humanlike</intelligence>
				<makesFootprints>true</makesFootprints>
				<lifeExpectancy>150</lifeExpectancy>
				<nameCategory>HumanStandard</nameCategory>
				<body>MarbleBody</body>
				<baseBodySize>1</baseBodySize>
				<baseHealthScale>.8</baseHealthScale>
				<bloodDef>stoneblood</bloodDef>
				<foodType>OmnivoreHuman</foodType>
				<gestationPeriodDays>45</gestationPeriodDays>
				<fleshType>rockFlesh</fleshType>
				<litterSizeCurve>
					<points>
					<li>(0.5, 0)</li>
					<li>(1, 1)</li>
					<li>(1.01, 0.02)</li>
					<li>(3.5, 0)</li>
					</points>
				</litterSizeCurve>
					<lifeStageAges>
						<li>
							<def>HumanlikeBaby</def>
							<minAge>0</minAge>
						</li>
						<li>
							<def>HumanlikeToddler</def>
							<minAge>1.2</minAge>
						</li>
						<li>
							<def>HumanlikeChild</def>
							<minAge>4</minAge>
						</li>
						<li>
							<def>HumanlikeTeenager</def>
							<minAge>13</minAge>
						</li>
						<li>
							<def>HumanlikeAdult</def>
							<minAge>18</minAge>
						</li>
					</lifeStageAges>
				<soundMeleeHitPawn>Pawn_Melee_Punch_HitPawn</soundMeleeHitPawn>
				<soundMeleeHitBuilding>Pawn_Melee_Punch_HitBuilding</soundMeleeHitBuilding>
				<soundMeleeMiss>Pawn_Melee_Punch_Miss</soundMeleeMiss>
				<specialShadowData>
					<volume>(0.3, 0.8, 0.4)</volume>
					<offset>(0,0,-0.3)</offset>
				</specialShadowData>
				<ageGenerationCurve>
					<points>
					<li>(14,0)</li>
					<li>(16,100)</li>
					<li>(50,100)</li>
					<li>(60,30)</li>
      			    <li>(70,18)</li>
      			    <li>(80,10)</li>
     			    <li>(90,3)</li>
      			    <li>(100,0)</li>
    			    </points>
    			  </ageGenerationCurve>
    			  <hediffGiverSets>
    			    <li>OrganicStandard</li>
   			   </hediffGiverSets>
    			</race>			
				<recipes>
					<li>InstallArchotechEye</li>
					<li>InstallArchotechArm</li>
					<li>InstallArchotechLeg</li>
      				<li>InstallPowerClaw</li>
      				<li>InstallBionicEye</li>
    				<li>InstallBionicArm</li>
      				<li>InstallBionicLeg</li>
      				<li>InstallBionicSpine</li>
      				<li>InstallBionicHeart</li>
      				<li>InstallBionicStomach</li>
      				<li>InstallBionicEar</li>
      				<li>InstallSimpleProstheticArm</li>
      				<li>InstallSimpleProstheticLeg</li>
      				<li>InstallSimpleProstheticHeart</li>
      				<li>InstallCochlearImplant</li>
     				<li>InstallPegLeg</li>
      				<li>InstallWoodenFoot</li>
      				<li>InstallDenture</li>
      				<li>InstallJoywire</li>
      				<li>InstallPainstopper</li>
      				<li>InstallNaturalHeart</li>
      				<li>InstallNaturalLung</li>
      				<li>InstallNaturalKidney</li>
      				<li>InstallNaturalLiver</li>
     				<li>ExciseCarcinoma</li>
      				<li>AdministerMechSerumHealer</li>
      				<li>RemoveBodyPart</li>
      				<li>Euthanize</li>
      				<li>Anesthetize</li>
				</recipes>
				<butcherProducts>
					<BlocksMarble>15</BlocksMarble>
				</butcherProducts>
		</AlienRace.ThingDef_AlienRace>
</Defs>